-- phpMyAdmin SQL Dump
-- version 5.2.0
-- https://www.phpmyadmin.net/
--
-- Host: localhost
-- Generation Time: Dec 08, 2022 at 07:42 PM
-- Server version: 10.4.21-MariaDB
-- PHP Version: 8.1.6

SET SQL_MODE = "NO_AUTO_VALUE_ON_ZERO";
START TRANSACTION;
SET time_zone = "+00:00";


/*!40101 SET @OLD_CHARACTER_SET_CLIENT=@@CHARACTER_SET_CLIENT */;
/*!40101 SET @OLD_CHARACTER_SET_RESULTS=@@CHARACTER_SET_RESULTS */;
/*!40101 SET @OLD_COLLATION_CONNECTION=@@COLLATION_CONNECTION */;
/*!40101 SET NAMES utf8mb4 */;

--
-- Database: `ADB_project`
--

-- --------------------------------------------------------

--
-- Table structure for table `Alert_product_order`
--

CREATE TABLE `Alert_product_order` (
  `OrderID` int(11) NOT NULL,
  `UPC` varchar(10) NOT NULL,
  `Quantity` int(11) NOT NULL
) ENGINE=InnoDB DEFAULT CHARSET=utf8mb4;

--
-- Dumping data for table `Alert_product_order`
--

INSERT INTO `Alert_product_order` (`OrderID`, `UPC`, `Quantity`) VALUES
(10057, '00001', 45),
(10057, '00002', 21);

-- --------------------------------------------------------

--
-- Table structure for table `cart`
--

CREATE TABLE `cart` (
  `CustomerID` int(11) NOT NULL,
  `UPC` varchar(10) NOT NULL,
  `Quantity` int(11) NOT NULL
) ENGINE=InnoDB DEFAULT CHARSET=utf8mb4;

--
-- Dumping data for table `cart`
--

INSERT INTO `cart` (`CustomerID`, `UPC`, `Quantity`) VALUES
(1, '00001', 3),
(1, '00003', 3),
(1, '00006', 2),
(1, '00011', 10);

-- --------------------------------------------------------

--
-- Table structure for table `Contains`
--

CREATE TABLE `Contains` (
  `OrderID` int(11) NOT NULL,
  `UPC` varchar(10) NOT NULL,
  `Quantity` int(11) NOT NULL
) ENGINE=InnoDB DEFAULT CHARSET=utf8mb4;

--
-- Dumping data for table `Contains`
--

INSERT INTO `Contains` (`OrderID`, `UPC`, `Quantity`) VALUES
(1, '00019', 7),
(1, '00021', 6),
(1, '00040', 3),
(2, '00004', 7),
(2, '00035', 3),
(2, '00044', 3),
(3, '00005', 10),
(3, '00019', 8),
(3, '00032', 9),
(4, '00009', 10),
(4, '00033', 4),
(4, '00034', 5),
(4, '00047', 9),
(5, '00020', 5),
(5, '00022', 2),
(5, '00038', 5),
(5, '00043', 3),
(6, '00003', 1),
(6, '00024', 1),
(6, '00025', 9),
(6, '00028', 1),
(7, '00038', 8),
(7, '00039', 2),
(7, '00044', 7),
(7, '00050', 5),
(8, '00019', 6),
(8, '00025', 7),
(8, '00026', 4),
(9, '00012', 7),
(9, '00017', 5),
(9, '00037', 6),
(10, '00011', 10),
(10, '00014', 8),
(10, '00033', 5),
(11, '00001', 3),
(11, '00022', 8),
(11, '00048', 1),
(11, '00049', 6),
(12, '00005', 9),
(12, '00018', 8),
(12, '00023', 4),
(12, '00031', 10),
(13, '00003', 7),
(13, '00037', 5),
(13, '00043', 7),
(14, '00008', 2),
(14, '00013', 7),
(14, '00030', 10),
(15, '00005', 3),
(15, '00015', 2),
(15, '00050', 5),
(16, '00007', 4),
(16, '00016', 9),
(16, '00042', 4),
(17, '00027', 2),
(17, '00041', 7),
(17, '00042', 1),
(17, '00044', 9),
(18, '00002', 9),
(18, '00026', 10),
(18, '00048', 10),
(19, '00012', 10),
(19, '00019', 8),
(19, '00033', 2),
(20, '00030', 6),
(20, '00041', 9),
(20, '00045', 8),
(21, '00016', 1),
(21, '00033', 10),
(21, '00034', 3),
(21, '00045', 1),
(22, '00007', 8),
(22, '00008', 1),
(22, '00049', 6),
(23, '00017', 6),
(23, '00018', 6),
(23, '00041', 4),
(24, '00001', 8),
(24, '00005', 2),
(24, '00035', 6),
(25, '00003', 3),
(25, '00009', 8),
(25, '00041', 8),
(26, '00010', 5),
(26, '00036', 4),
(26, '00039', 10),
(27, '00024', 7),
(27, '00028', 9),
(27, '00030', 5),
(28, '00010', 3),
(28, '00014', 10),
(28, '00048', 4),
(29, '00010', 7),
(29, '00012', 8),
(29, '00032', 10),
(29, '00047', 4),
(30, '00002', 4),
(30, '00009', 4),
(30, '00013', 4),
(30, '00039', 3),
(31, '00048', 3),
(32, '00001', 2),
(32, '00006', 3),
(33, '00004', 4),
(33, '00031', 7),
(33, '00038', 5),
(34, '00021', 1),
(35, '00017', 7),
(36, '00010', 5),
(36, '00040', 3),
(37, '00001', 7),
(37, '00007', 4),
(37, '00028', 1),
(38, '00009', 5),
(38, '00012', 2),
(38, '00013', 6),
(38, '00014', 8),
(38, '00021', 1),
(38, '00028', 5),
(38, '00037', 6),
(38, '00039', 7),
(38, '00040', 6),
(39, '00020', 3),
(39, '00034', 1),
(39, '00042', 9),
(39, '00044', 4),
(40, '00007', 2),
(40, '00008', 8),
(40, '00031', 8),
(40, '00047', 9),
(41, '00012', 3),
(41, '00044', 4),
(42, '00003', 2),
(42, '00015', 6),
(42, '00033', 9),
(42, '00035', 1),
(42, '00037', 9),
(42, '00044', 5),
(42, '00046', 6),
(42, '00049', 10),
(43, '00003', 3),
(43, '00016', 6),
(43, '00027', 6),
(44, '00023', 3),
(44, '00027', 4),
(44, '00035', 2),
(44, '00042', 10),
(44, '00044', 4),
(44, '00045', 4),
(45, '00006', 8),
(45, '00028', 7),
(45, '00033', 10),
(46, '00003', 6),
(46, '00012', 10),
(46, '00013', 9),
(46, '00023', 8),
(46, '00036', 9),
(47, '00014', 8),
(47, '00022', 7),
(47, '00023', 9),
(47, '00028', 5),
(47, '00036', 7),
(48, '00001', 4),
(48, '00005', 2),
(48, '00010', 8),
(48, '00018', 8),
(48, '00023', 3),
(48, '00029', 6),
(48, '00036', 4),
(49, '00010', 1),
(49, '00019', 5),
(49, '00028', 6),
(50, '00008', 9),
(50, '00011', 2),
(50, '00023', 1),
(50, '00026', 9),
(50, '00038', 8),
(51, '00002', 8),
(51, '00008', 5),
(51, '00010', 7),
(51, '00013', 9),
(51, '00023', 2),
(51, '00030', 4),
(51, '00031', 5),
(51, '00032', 3),
(51, '00037', 1),
(51, '00047', 10),
(51, '00050', 8),
(52, '00004', 8),
(52, '00014', 2),
(52, '00027', 1),
(52, '00038', 2),
(53, '00007', 6),
(53, '00025', 2),
(54, '00014', 3),
(54, '00016', 9),
(54, '00022', 4),
(54, '00024', 7),
(55, '00006', 6),
(55, '00010', 8),
(55, '00020', 6),
(55, '00031', 5),
(55, '00050', 3),
(56, '00013', 8),
(56, '00017', 4),
(56, '00037', 10),
(56, '00040', 3),
(56, '00047', 10),
(57, '00027', 5),
(57, '00028', 3),
(57, '00031', 7),
(57, '00037', 10),
(57, '00040', 4),
(57, '00041', 7),
(57, '00045', 2),
(58, '00009', 2),
(58, '00018', 6),
(58, '00019', 9),
(58, '00023', 3),
(58, '00025', 1),
(58, '00031', 9),
(58, '00034', 5),
(59, '00017', 7),
(59, '00020', 9),
(59, '00044', 1),
(60, '00005', 4),
(60, '00008', 9),
(60, '00009', 1),
(60, '00035', 9),
(60, '00037', 10),
(60, '00042', 2),
(60, '00046', 3),
(60, '00049', 3),
(61, '00001', 7),
(61, '00024', 10),
(61, '00038', 6),
(61, '00039', 1),
(61, '00046', 2),
(61, '00048', 3),
(62, '00012', 1),
(62, '00033', 9),
(62, '00034', 8),
(62, '00038', 1),
(62, '00041', 2),
(62, '00045', 4),
(62, '00049', 1),
(62, '00050', 1),
(63, '00007', 8),
(63, '00035', 3),
(63, '00038', 2),
(64, '00015', 2),
(64, '00016', 1),
(64, '00018', 8),
(64, '00028', 4),
(64, '00042', 1),
(65, '00005', 1),
(65, '00014', 1),
(65, '00017', 4),
(65, '00019', 7),
(65, '00025', 1),
(65, '00035', 3),
(65, '00046', 10),
(66, '00002', 9),
(66, '00007', 1),
(66, '00026', 1),
(66, '00035', 6),
(66, '00040', 1),
(66, '00041', 1),
(67, '00034', 2),
(67, '00045', 9),
(68, '00018', 9),
(68, '00042', 5),
(68, '00048', 8),
(69, '00001', 5),
(69, '00027', 3),
(69, '00033', 1),
(70, '00012', 5),
(70, '00015', 6),
(70, '00039', 3),
(70, '00047', 4),
(71, '00002', 10),
(71, '00008', 2),
(71, '00021', 2),
(71, '00023', 1),
(71, '00024', 3),
(71, '00025', 2),
(71, '00026', 4),
(71, '00037', 1),
(71, '00044', 1),
(72, '00003', 6),
(72, '00031', 1),
(72, '00037', 7),
(72, '00049', 2),
(73, '00006', 1),
(73, '00036', 8),
(73, '00040', 3),
(73, '00050', 1),
(74, '00008', 2),
(74, '00015', 1),
(74, '00017', 6),
(74, '00018', 1),
(74, '00019', 2),
(74, '00029', 1),
(74, '00036', 2),
(75, '00001', 1),
(75, '00013', 1),
(75, '00017', 3),
(75, '00039', 8),
(76, '00010', 1),
(76, '00023', 4),
(76, '00024', 7),
(77, '00021', 10),
(77, '00022', 1),
(77, '00023', 1),
(77, '00030', 2),
(78, '00002', 3),
(78, '00020', 1),
(78, '00031', 1),
(78, '00035', 4),
(78, '00038', 6),
(79, '00003', 2),
(79, '00009', 5),
(79, '00014', 6),
(79, '00036', 3),
(79, '00045', 1),
(80, '00008', 2),
(80, '00046', 8),
(80, '00048', 1),
(81, '00023', 1),
(82, '00011', 1),
(83, '00011', 1),
(83, '00012', 1),
(84, '00028', 1),
(84, '00029', 3),
(85, '00009', 2),
(86, '00004', 1),
(86, '00016', 1),
(86, '00027', 2),
(86, '00030', 1),
(87, '00004', 1),
(88, '00004', 1),
(89, '00024', 1),
(89, '00036', 4),
(90, '00016', 1),
(90, '00030', 1),
(10052, '00002', 45),
(10052, '00003', 4),
(10052, '00010', 5),
(10053, '00001', 46),
(10054, '00001', 79),
(10055, '00001', 79),
(10056, '00001', 79),
(10057, '00001', 45),
(10057, '00002', 21),
(10057, '00007', 10);

-- --------------------------------------------------------

--
-- Table structure for table `Customer`
--

CREATE TABLE `Customer` (
  `CustomerID` int(11) NOT NULL,
  `Fname` varchar(15) NOT NULL,
  `Lname` varchar(15) NOT NULL,
  `Address` varchar(30) NOT NULL,
  `City` varchar(25) NOT NULL,
  `State` char(2) NOT NULL,
  `Zip` char(5) NOT NULL
) ENGINE=InnoDB DEFAULT CHARSET=utf8mb4;

--
-- Dumping data for table `Customer`
--

INSERT INTO `Customer` (`CustomerID`, `Fname`, `Lname`, `Address`, `City`, `State`, `Zip`) VALUES
(1, 'Allene', 'Iturbide', '1 Central Ave', 'Portage', 'WI', '54481'),
(2, 'Marino', 'Lueckenbach', '1 Century Park E', 'San Diego', 'CA', '92110'),
(3, 'Twana', 'Felger', '1000 Commerce Way', 'Washington', 'OR', '97224'),
(4, 'Salena', 'Karpel', '1 Garfield Ave #7', 'Stark', 'OH', '44707'),
(5, 'Arminda', 'Parvis', '1 Huntwood Ave', 'Maricopa', 'CA', '85017'),
(6, 'Nicolette', 'Brossart', '1 Midway Rd', 'Worcester', 'MA', '15281'),
(7, 'Joanne', 'Mathieu', '1 N Harlem Ave #9', 'Essex', 'NJ', '70503'),
(8, 'Jacque', 'Rowling', '1 N San Saba', 'Erie', 'PA', '16501'),
(9, 'Hermin', 'Thyberg', '1 Rancho Del Mar Shopping C', 'Providence', 'RI', '29103'),
(10, 'Johann', 'Leinenbach', '1 Washington St', 'Palm Beach', 'FL', '33461'),
(11, 'Roxane', 'Campain', '1048 Main St', 'Fairbanks North Star', 'AK', '99708'),
(12, 'Clorinda', 'Heimann', '105 Richmond Valley Rd', 'San Diego', 'CA', '92025'),
(13, 'Regis', 'Kannady', '10759 Main St', 'Maricopa', 'AZ', '85260'),
(14, 'John', 'Aladin', '1088 Pinehurst St', 'Orange', 'NC', '27514'),
(15, 'Arlette', 'Honeywell', '11279 Loytan St', 'Duval', 'FL', '32254'),
(16, 'Aliza', 'Baltimore', '1128 Delaware St', 'Santa Clara', 'CA', '95132'),
(17, 'Carissa', 'Batman', '12270 Caton Center Dr', 'Lane', 'OR', '97401'),
(18, 'Manito', 'Kohnert', '134 Lewis Rd', 'Davidson', 'NJ', '37211'),
(19, 'Amber', 'Monarrez', '14288 Foster Ave #4121', 'Montgomery', 'SD', '19046'),
(20, 'Danielo', 'Perruzza', '11360 S Halsted St', 'Orange', 'CA', '92705'),
(21, 'Jolene', 'Ostolaza', '1610 14th St Nw', 'Newport News City', 'VA', '23608'),
(22, 'Rozella', 'Ostrosky', '17 Morena Blvd', 'Ventura', 'CA', '93012'),
(23, 'Cyndy', 'Goldammer', '170 Wyoming Ave', 'Dakota', 'MN', '55337'),
(24, 'Angello', 'Cetta', '185 Blackstone Bldge', 'Honolulu', 'NJ', '96817'),
(25, 'Pareque', 'Wide', '187 Market St', 'Fulton', 'GA', '30342'),
(26, 'Jean', 'Claucherty', '19 Amboy Ave', 'Miami-Dade', 'ND', '33142'),
(27, 'Merlin', 'Bayless', '195 13n N', 'Santa Clara', 'CA', '95054'),
(28, 'Diane', 'Devreese', '1953 Telegraph Rd', 'Buchanan', 'MO', '64504'),
(29, 'Faliju', 'Saylors', '2 Lighthouse Ave', 'Hennepin', 'MN', '55343'),
(30, 'Katlyn', 'Ogg', '2 S Biscayne Blvd', 'Baltimore City', 'MD', '21230'),
(31, 'Sunny', 'Kownacki', '2 Se 3rd Ave', 'Dallas', 'TX', '75149'),
(32, 'Ray', 'Kampa', '2 Sw Nyberg Rd', 'Elkhart', 'NJ', '46514'),
(33, 'Lilinor', 'Paskin', '20113 4th Ave E', 'Hudson', 'NJ', '71032'),
(34, 'Rebecka', 'Gesick', '2026 N Plankinton Ave #3', 'Travis', 'TX', '78754'),
(35, 'Micael', 'Rhymes', '20932 Hedley St', 'Contra Costa', 'CA', '94520'),
(36, 'Colette', 'Kardas', '21575 S Apple Creek Rd', 'Douglas', 'NE', '68124'),
(37, 'Refugia', 'Jacobos', '2184 Worth St', 'Alameda', 'CA', '94545'),
(38, 'Tresa', 'Sweely', '22 Bridle Ln', 'Saint Louis', 'CA', '63088'),
(39, 'Jesusa', 'Shin', '2239 Shawnee Mission Pky', 'Coffee', 'WV', '37388'),
(40, 'Layla', 'Springe', '229 N Forty Driv', 'New York', 'NY', '10011'),
(41, 'Sheldon', 'Zane', '2409 Alabama Rd', 'Riverside', 'CA', '92501'),
(42, 'Kiley', 'Caldarera', '25 E 75th St #69', 'Los Angeles', 'ND', '90034'),
(43, 'Luis', 'Jurney', '25 Se 176th Pl', 'Middlesex', 'MA', '82138'),
(44, 'Rasheed', 'Sayaphon', '251 Park Ave #979', 'Santa Clara', 'CA', '95070'),
(45, 'Renea', 'Monterrubio', '26 Montgomery St', 'Fulton', 'GA', '30328'),
(46, 'Carmelo', 'Lindall', '2664 Lewis Rd', 'Douglas', 'CA', '80126'),
(47, 'Linn', 'Paas', '1 S Pine St', 'Shelby', 'TN', '38112'),
(48, 'Yuki', 'Whobrey', '1 State Route 27', 'Wayne', 'MI', '48180'),
(49, 'Trinidad', 'Mcrae', '10276 Brooks St', 'San Francisco', 'CA', '94105'),
(50, 'Dean', 'Juhas', '14302 Pennsylvania Ave', 'Montgomery', 'PA', '19006'),
(61, 'Gopi Krishna', 'Patapanchala', 'Glassboro', 'glassboro', 'NJ', '08028');

-- --------------------------------------------------------

--
-- Table structure for table `Orders`
--

CREATE TABLE `Orders` (
  `OrderID` int(11) NOT NULL,
  `Orderdate` date NOT NULL,
  `Shipdate` date DEFAULT NULL,
  `Paymenttype` enum('VISA','MC','DISCOVER') DEFAULT NULL,
  `CCN` text DEFAULT NULL,
  `CustomerID` int(11) DEFAULT NULL
) ENGINE=InnoDB DEFAULT CHARSET=utf8mb4;

--
-- Dumping data for table `Orders`
--

INSERT INTO `Orders` (`OrderID`, `Orderdate`, `Shipdate`, `Paymenttype`, `CCN`, `CustomerID`) VALUES
(1, '2018-06-07', '2018-06-09', 'MC', '5470000000000000', 10),
(2, '2018-06-09', '2018-06-11', 'VISA', '4270000000000000', 9),
(3, '2018-06-25', NULL, 'VISA', '4270000000000000', 8),
(4, '2018-09-11', '2018-09-13', 'MC', '5470000000000000', 17),
(5, '2018-09-13', '2018-09-15', 'DISCOVER', '6010000000000000', 13),
(6, '2019-01-23', '2019-01-25', 'MC', '3460000000000000', 13),
(7, '2019-02-03', '2019-02-04', 'VISA', '3250000000000000', 20),
(8, '2019-02-05', '2019-02-07', 'MC', '4550000000000000', 14),
(9, '2019-02-09', '2019-02-10', 'MC', '4350000000000000', 19),
(10, '2019-02-10', '2019-02-11', 'DISCOVER', '1320000000000000', 49),
(11, '2019-02-14', NULL, 'VISA', '3680000000000000', 47),
(12, '2019-02-17', '2019-02-19', 'MC', '988000000000000', 40),
(13, '2019-02-18', '2019-02-19', 'DISCOVER', '1700000000000000', 48),
(14, '2019-02-18', NULL, 'DISCOVER', '5740000000000000', 13),
(15, '2019-02-20', '2019-02-21', 'VISA', '9880000000000000', 9),
(16, '2019-03-01', '2019-03-02', 'VISA', '3210000000000000', 2),
(17, '2019-03-01', NULL, 'DISCOVER', '4430000000000000', 23),
(18, '2019-03-04', '2019-03-06', 'DISCOVER', '3250000000000000', 17),
(19, '2019-03-12', '2019-03-15', 'DISCOVER', '842000000000000', 36),
(20, '2019-03-13', '2019-03-20', 'VISA', '1290000000000000', 50),
(21, '2019-03-14', '2019-03-16', 'MC', '3250000000000000', 1),
(22, '2019-03-16', '2019-03-18', 'VISA', '4430000000000000', 11),
(23, '2019-03-16', NULL, 'MC', '9180000000000000', 49),
(24, '2019-03-19', '2019-03-21', 'MC', '8770000000000000', 48),
(25, '2019-03-25', '2019-03-27', 'VISA', '3560000000000000', 3),
(26, '2019-04-01', '2019-04-02', 'DISCOVER', '433000000000000', 35),
(27, '2019-04-01', '2019-04-02', 'DISCOVER', '3280000000000000', 29),
(28, '2019-04-01', '2019-04-02', 'MC', '7420000000000000', 15),
(29, '2019-04-01', '2019-04-02', 'MC', '8070000000000000', 25),
(30, '2019-04-01', '2022-12-03', 'VISA', '9340000000000000', 1),
(31, '2019-04-05', '2019-04-08', 'DISCOVER', '3130000000000000', 5),
(32, '2019-04-13', '2019-04-16', 'DISCOVER', '1790000000000000', 10),
(33, '2019-04-13', NULL, 'DISCOVER', '8790000000000000', 10),
(34, '2019-04-13', NULL, 'VISA', '3230000000000000', 15),
(35, '2019-04-14', NULL, 'DISCOVER', '7680000000000000', 17),
(36, '2019-04-15', '2019-04-17', 'VISA', '9570000000000000', 17),
(37, '2019-04-15', NULL, 'VISA', '4460000000000000', 19),
(38, '2019-04-16', '2019-04-19', 'MC', '4320000000000000', 4),
(39, '2019-04-16', '2019-04-25', 'VISA', '8770000000000000', 40),
(40, '2019-04-17', '2019-04-19', 'MC', '7660000000000000', 32),
(41, '2019-04-19', '2019-04-22', 'MC', '6740000000000000', 14),
(42, '2019-04-21', '2019-04-25', 'MC', '6960000000000000', 3),
(43, '2019-04-26', '2019-04-30', 'MC', '7890000000000000', 6),
(44, '2019-04-27', NULL, 'MC', '9180000000000000', 12),
(45, '2019-12-02', '2019-12-04', 'VISA', '1930000000000000', 3),
(46, '2020-01-15', NULL, 'DISCOVER', '6010000000000000', 41),
(47, '2020-01-20', '2020-01-25', 'DISCOVER', '6010000000000000', 47),
(48, '2020-01-25', '2020-01-27', 'DISCOVER', '6010000000000000', 42),
(49, '2020-01-31', NULL, 'MC', '5470000000000000', 34),
(50, '2021-03-08', '2021-03-10', 'DISCOVER', '6010000000000000', 5),
(51, '2021-03-09', '2021-03-15', 'VISA', '4270000000000000', 28),
(52, '2021-03-18', NULL, 'VISA', '4270000000000000', 28),
(53, '2021-04-17', '2021-04-18', 'DISCOVER', '6010000000000000', 5),
(54, '2021-04-29', NULL, 'VISA', '1110000000000000', 3),
(55, '2021-04-30', '2021-05-01', 'VISA', '8350000000000000', 30),
(56, '2021-06-13', '2021-06-15', 'VISA', '4270000000000000', 3),
(57, '2021-06-14', '2021-06-16', 'VISA', '4270000000000000', 1),
(58, '2021-10-10', NULL, 'DISCOVER', '6010000000000000', 4),
(59, '2021-10-13', '2021-10-15', 'MC', '5470000000000000', 2),
(60, '2021-10-25', '2021-11-01', 'VISA', '4270000000000000', 1),
(61, '2021-11-06', '2021-11-06', 'DISCOVER', '4210000000000000', 50),
(62, '2022-01-03', '2022-01-04', 'DISCOVER', '1930000000000000', 1),
(63, '2022-01-07', NULL, 'MC', '5430000000000000', 1),
(64, '2022-01-11', '2022-01-31', 'VISA', '4270000000000000', 38),
(65, '2022-01-11', '2022-02-05', 'DISCOVER', '3250000000000000', 22),
(66, '2022-01-12', '2022-02-13', 'DISCOVER', '5720000000000000', 23),
(67, '2022-01-13', '2022-02-05', 'VISA', '4430000000000000', 11),
(68, '2022-01-17', NULL, 'DISCOVER', '9330000000000000', 9),
(69, '2022-01-08', '2022-02-10', 'DISCOVER', '3870000000000000', 29),
(70, '2022-01-13', '2022-02-24', 'DISCOVER', '9040000000000000', 26),
(71, '2022-02-15', '2022-02-17', 'VISA', '9880000000000000', 14),
(72, '2022-02-27', '2022-03-05', 'MC', '5470000000000000', 35),
(73, '2022-02-10', '2022-03-12', 'VISA', '4790000000000000', 24),
(74, '2022-02-12', '2022-03-16', 'VISA', '1340000000000000', 13),
(75, '2022-02-13', '2022-03-14', 'DISCOVER', '9160000000000000', 40),
(76, '2022-02-19', '2022-03-20', 'MC', '9820000000000000', 16),
(77, '2022-02-26', '2022-03-29', 'VISA', '7810000000000000', 37),
(78, '2022-03-01', '2022-04-01', 'MC', '3450000000000000', 39),
(79, '2022-03-02', '2022-04-04', 'MC', '9850000000000000', 3),
(80, '2022-03-02', '2022-04-05', 'VISA', '9700000000000000', 20),
(81, '2022-03-07', '2022-03-09', 'MC', '5470000000000000', 1),
(82, '2022-03-29', '2022-04-01', 'MC', '4440000000000000', 20),
(83, '2022-03-30', '2022-04-12', 'VISA', '4270000000000000', 19),
(84, '2022-04-10', NULL, 'DISCOVER', '6010000000000000', 11),
(85, '2022-04-12', '2022-04-16', 'DISCOVER', '4450000000000000', 2),
(86, '2022-04-14', '2022-04-15', 'VISA', '3970000000000000', 27),
(87, '2022-04-17', NULL, 'MC', '1120000000000000', 22),
(88, '2022-04-18', '2022-04-19', 'MC', '3320000000000000', 23),
(89, '2022-04-19', NULL, 'DISCOVER', '6010000000000000', 47),
(90, '2022-04-19', '2022-04-19', 'VISA', '9880000000000000', 30),
(10052, '2022-12-08', NULL, 'DISCOVER', '1234567890', 61),
(10053, '2022-12-08', NULL, 'MC', '1234567890', 61),
(10054, '2022-12-08', NULL, 'MC', '1234567890', 61),
(10055, '2022-12-08', NULL, 'MC', '1234567890', 61),
(10056, '2022-12-08', NULL, 'MC', '1234567890', 61),
(10057, '2022-12-08', NULL, 'MC', '1234567890', 61);

-- --------------------------------------------------------

--
-- Table structure for table `Products`
--

CREATE TABLE `Products` (
  `UPC` varchar(10) NOT NULL,
  `Pname` varchar(50) DEFAULT NULL,
  `Price` int(11) NOT NULL,
  `Sname` varchar(30) DEFAULT NULL,
  `amount` int(11) DEFAULT NULL,
  `reorderlevel` int(11) DEFAULT NULL
) ENGINE=InnoDB DEFAULT CHARSET=utf8mb4;

--
-- Dumping data for table `Products`
--

INSERT INTO `Products` (`UPC`, `Pname`, `Price`, `Sname`, `amount`, `reorderlevel`) VALUES
('00001', 'Xtreme Graphics 5000', 400, 'Melmarc Products Inc.', 50, 10),
('00002', 'Sure Feet Running Shoes', 60, 'NK Apparel', 6, 30),
('00003', 'Happy Smiles Face Paints', 20, 'Bel-Art Products', 3, 75),
('00004', 'Overpriced Calculator: College Edition', 100, 'ViTech Scientific', 20, 5),
('00005', 'Super-Sensor Door Opener', 120, 'Motion Enhanced Technology', 4, 2),
('00006', 'No More Stink Socks', 10, 'NK Apparel', 134, 60),
('00007', 'Far Out! Telescope', 1100, 'Seatec Astronomy', 3, 1),
('00008', 'Bass Booster Subwoofers', 125, 'Melmarc Products Inc.', 3, 10),
('00009', 'Star Gazer Junior', 40, 'Seatec Astronomy', 55, 35),
('00010', 'Sunshine Yellow', 45, 'Bel-Art Products', 10, 15),
('00011', 'Job Hunter Discount Suit', 75, 'NK Apparel', 44, 30),
('00012', 'Head Secure Hard Hat', 60, 'Grainger Industrial Supply', 40, 20),
('00013', 'The Overclocker: Extreme CPU', 350, 'Melmarc Products Inc.', 32, 30),
('00014', 'DG Camera', 120, 'ProtoVision', 150, 20),
('00015', 'Puzzle Blocks for Kids', 20, 'HB Products LLC', 0, 30),
('00016', 'Chef Gourmet Pasta', 8, 'PolyOne', 50, 10),
('00017', 'Portable Motion Detector', 50, 'Motion Enhanced Technology', 5, 10),
('00018', 'Smart Cooker', 65, 'Pegatron Products', 150, 20),
('00019', 'Summer Dress', 19, 'Bel-Art Products', 250, 35),
('00020', 'Book of Colors and Numbers', 10, 'C. C. Filson', 70, 10),
('00021', 'Mini Acoustic Guitar', 35, 'Akustica', 50, 10),
('00022', 'Travel Coffee Maker', 39, 'Cambridge Engineered Solutions', 20, 50),
('00023', 'Car Stereo System', 60, 'Kaman Industrial Technologies', 50, 10),
('00024', 'Winter Jacket', 55, 'NK Apparel', 100, 20),
('00025', 'Talking Doll', 25, 'Melmarc Products Inc.', 12, 15),
('00026', 'Telescope', 300, 'Seatec Astronomy', 50, 10),
('00027', 'Printer Paper', 4, 'HB Products LLC', 0, 50),
('00028', 'AC Unit', 2000, 'Large System Distributors', 10, 4),
('00029', 'Ventilation Filter', 22, 'Kaman Industrial Technologies', 0, 20),
('00030', 'Surface Pro 4', 600, 'UCA Group Inc.', 30, 10),
('00031', 'Sunglasses', 50, 'ProtoVision', 75, 15),
('00032', 'Thermal Sensor', 350, 'Hadden Industries', 15, 3),
('00033', 'Digital Clock', 15, 'Motion Enhanced Technology', 30, 150),
('00034', 'Sweater', 35, 'NK Apparel', 100, 25),
('00035', 'Transformer Action Figure', 5, 'Pegatron Products', 90, 250),
('00036', 'Star Wars Sticker', 1, 'Akustica', 50, 2000),
('00037', 'Smartwatch', 250, 'ViTech Scientific', 50, 10),
('00038', 'Winnie the Pooh Book', 8, 'C. C. Filson', 80, 20),
('00039', 'Calculus Book', 50, 'HB Products LLC', 250, 50),
('00040', 'Basic Telescope', 100, 'Seatec Astronomy', 10, 25),
('00041', 'High End Telescope', 100, 'Seatec Astronomy', 100, 20),
('00042', 'Gerber Baby Food', 5, 'HB Products LLC', 0, 50),
('00043', 'Leap Frog Tablet', 100, 'Seatec Astronomy', 100, 20),
('00044', 'Robot Chef', 5000, 'ViTech Scientific', 75, 10),
('00045', 'Kids Baking Set', 50, 'Melmarc Products Inc.', 20, 20),
('00046', 'Math Card Game', 10, 'HB Products LLC', 13, 20),
('00047', 'Learn To Drive Game', 50, 'Melmarc Products Inc.', 200, 25),
('00048', 'X-Ray Goggles', 100, 'ProtoVision', 14, 15),
('00049', 'Babys First Game Console', 150, 'Motion Enhanced Technology', 100, 20),
('00050', 'Baby Learns German', 50, 'Aleris International Inc.', 175, 20);

-- --------------------------------------------------------

--
-- Table structure for table `Product_category`
--

CREATE TABLE `Product_category` (
  `UPC` varchar(10) NOT NULL,
  `Category` varchar(15) NOT NULL
) ENGINE=InnoDB DEFAULT CHARSET=utf8mb4;

--
-- Dumping data for table `Product_category`
--

INSERT INTO `Product_category` (`UPC`, `Category`) VALUES
('00001', 'baby'),
('00001', 'book'),
('00001', 'electronics'),
('00001', 'gourmet'),
('00001', 'specialty'),
('00002', 'clothing'),
('00002', 'educational'),
('00002', 'specialty'),
('00002', 'toys'),
('00003', 'baby'),
('00003', 'educational'),
('00003', 'toys'),
('00004', 'educational'),
('00004', 'electronics'),
('00004', 'specialty'),
('00005', 'electronics'),
('00005', 'food'),
('00005', 'specialty'),
('00006', 'clothing'),
('00006', 'educational'),
('00006', 'electronics'),
('00006', 'food'),
('00006', 'specialty'),
('00007', 'educational'),
('00008', 'baby'),
('00008', 'electronics'),
('00008', 'gourmet'),
('00009', 'baby'),
('00009', 'food'),
('00009', 'gourmet'),
('00009', 'toys'),
('00010', 'clothing'),
('00010', 'educational'),
('00010', 'food'),
('00010', 'gourmet'),
('00010', 'specialty'),
('00011', 'clothing'),
('00011', 'educational'),
('00011', 'electronics'),
('00011', 'toys'),
('00012', 'book'),
('00012', 'clothing'),
('00012', 'food'),
('00012', 'specialty'),
('00013', 'baby'),
('00013', 'book'),
('00013', 'electronics'),
('00013', 'food'),
('00013', 'gourmet'),
('00013', 'specialty'),
('00014', 'educational'),
('00014', 'electronics'),
('00014', 'specialty'),
('00015', 'baby'),
('00015', 'educational'),
('00015', 'toys'),
('00016', 'electronics'),
('00016', 'food'),
('00016', 'gourmet'),
('00016', 'specialty'),
('00017', 'educational'),
('00017', 'electronics'),
('00017', 'specialty'),
('00018', 'electronics'),
('00018', 'food'),
('00018', 'gourmet'),
('00018', 'specialty'),
('00019', 'baby'),
('00019', 'clothing'),
('00020', 'baby'),
('00020', 'books'),
('00020', 'educational'),
('00021', 'educational'),
('00021', 'gourmet'),
('00021', 'specialty'),
('00022', 'electronics'),
('00022', 'food'),
('00022', 'gourmet'),
('00023', 'electronics'),
('00023', 'specialty'),
('00024', 'clothing'),
('00024', 'specialty'),
('00025', 'baby'),
('00025', 'educational'),
('00025', 'electronics'),
('00025', 'toys'),
('00026', 'electronics'),
('00026', 'toys'),
('00027', 'specialty'),
('00028', 'specialty'),
('00029', 'specialty'),
('00030', 'educational'),
('00030', 'electronics'),
('00030', 'specialty'),
('00031', 'specialty'),
('00031', 'toys'),
('00032', 'electronics'),
('00032', 'specialty'),
('00033', 'electronics'),
('00034', 'clothing'),
('00035', 'baby'),
('00035', 'toys'),
('00036', 'baby'),
('00036', 'toys'),
('00037', 'electronics'),
('00038', 'baby'),
('00038', 'book'),
('00038', 'educational'),
('00039', 'book'),
('00039', 'educational'),
('00040', 'educational'),
('00040', 'electronics'),
('00040', 'speciality'),
('00041', 'educational'),
('00041', 'electronics'),
('00041', 'speciality'),
('00042', 'baby'),
('00042', 'food'),
('00043', 'educational'),
('00043', 'electronics'),
('00043', 'toys'),
('00044', 'educational'),
('00044', 'electronics'),
('00044', 'speciality'),
('00045', 'educational'),
('00045', 'electronics'),
('00045', 'food'),
('00045', 'toys'),
('00046', 'educational'),
('00046', 'toys'),
('00047', 'educational'),
('00047', 'electronics'),
('00047', 'toys'),
('00048', 'educational'),
('00048', 'speciality'),
('00048', 'toys'),
('00049', 'baby'),
('00049', 'educational'),
('00049', 'electronics'),
('00049', 'toys'),
('00050', 'baby'),
('00050', 'book'),
('00050', 'educational'),
('00050', 'toys');

-- --------------------------------------------------------

--
-- Table structure for table `Rated`
--

CREATE TABLE `Rated` (
  `CustomerID` int(11) NOT NULL,
  `UPC` varchar(10) NOT NULL,
  `Rating` int(11) NOT NULL,
  `RatingDate` date NOT NULL
) ENGINE=InnoDB DEFAULT CHARSET=utf8mb4;

--
-- Dumping data for table `Rated`
--

INSERT INTO `Rated` (`CustomerID`, `UPC`, `Rating`, `RatingDate`) VALUES
(1, '00001', 3, '2022-12-06'),
(1, '00005', 4, '2018-03-07'),
(1, '00006', 4, '2020-04-19'),
(1, '00009', 2, '2020-01-13'),
(1, '00015', 3, '2020-11-30'),
(1, '00022', 1, '2019-03-05'),
(1, '00033', 3, '2017-02-13'),
(1, '00034', 4, '2019-02-24'),
(1, '00043', 1, '2020-05-02'),
(1, '00047', 5, '2018-05-30'),
(1, '00050', 3, '2020-03-02'),
(2, '00006', 4, '2019-01-10'),
(2, '00009', 1, '2018-10-25'),
(2, '00022', 5, '2020-04-13'),
(2, '00025', 5, '2018-12-02'),
(2, '00027', 4, '2020-06-18'),
(2, '00032', 2, '2019-03-19'),
(2, '00034', 3, '2020-08-30'),
(2, '00037', 3, '2020-08-05'),
(2, '00040', 5, '2022-04-15'),
(2, '00043', 4, '2018-06-17'),
(2, '00049', 5, '2020-10-01'),
(3, '00002', 3, '2019-03-04'),
(3, '00003', 4, '2018-11-02'),
(3, '00005', 5, '2018-06-07'),
(3, '00006', 4, '2020-10-20'),
(3, '00010', 1, '2018-11-30'),
(3, '00011', 2, '2018-03-17'),
(3, '00018', 3, '2020-01-07'),
(3, '00022', 3, '2018-03-17'),
(3, '00032', 1, '2020-01-08'),
(3, '00039', 4, '2020-05-13'),
(4, '00001', 3, '2019-02-18'),
(4, '00004', 4, '2019-03-23'),
(4, '00005', 2, '2015-04-30'),
(4, '00026', 1, '2019-04-09'),
(4, '00027', 4, '2020-04-05'),
(4, '00030', 2, '2020-03-03'),
(4, '00044', 5, '2019-01-04'),
(4, '00049', 3, '2020-10-31'),
(5, '00004', 3, '2018-03-03'),
(5, '00007', 2, '2018-11-09'),
(5, '00028', 3, '2020-01-07'),
(5, '00029', 1, '2020-12-09'),
(5, '00031', 5, '2019-01-22'),
(5, '00034', 4, '2018-07-13'),
(5, '00037', 4, '2020-07-12'),
(5, '00039', 1, '2020-11-14'),
(5, '00043', 2, '2016-01-29'),
(5, '00048', 3, '2020-05-03'),
(5, '00050', 5, '2018-04-02'),
(6, '00008', 4, '2018-01-31'),
(6, '00017', 5, '2020-05-19'),
(6, '00019', 5, '2020-01-23'),
(6, '00021', 3, '2019-04-27'),
(6, '00023', 1, '2020-09-30'),
(6, '00025', 2, '2020-01-07'),
(6, '00027', 3, '2020-10-10'),
(6, '00033', 5, '2019-04-18'),
(6, '00035', 4, '2020-02-04'),
(6, '00037', 3, '2017-10-13'),
(7, '00004', 4, '2020-09-26'),
(7, '00009', 1, '2020-01-06'),
(7, '00010', 2, '2018-01-03'),
(7, '00011', 3, '2020-08-31'),
(7, '00013', 3, '2019-03-15'),
(7, '00014', 5, '2018-07-07'),
(8, '00001', 5, '2020-01-18'),
(8, '00003', 3, '2018-05-04'),
(8, '00005', 3, '2018-03-15'),
(8, '00016', 1, '2018-05-07'),
(8, '00024', 4, '2018-02-12'),
(8, '00031', 3, '2020-01-07'),
(8, '00033', 5, '2020-10-04'),
(8, '00037', 5, '2018-01-17'),
(8, '00040', 5, '2019-03-24'),
(8, '00042', 3, '2011-01-16'),
(8, '00044', 3, '2017-06-09'),
(8, '00047', 4, '2018-08-03'),
(9, '00005', 4, '2018-10-04'),
(9, '00036', 3, '2018-01-08'),
(9, '00039', 2, '2020-03-08'),
(9, '00041', 4, '2020-01-17'),
(9, '00047', 3, '2018-05-31'),
(9, '00049', 4, '2019-03-30'),
(10, '00003', 2, '2020-01-02'),
(10, '00005', 1, '2020-06-13'),
(10, '00007', 2, '2019-03-09'),
(10, '00010', 5, '2019-04-17'),
(11, '00003', 4, '2018-05-08'),
(11, '00004', 4, '2020-10-10'),
(11, '00019', 4, '2020-08-17'),
(11, '00022', 1, '2018-10-07'),
(12, '00001', 2, '2018-10-14'),
(12, '00015', 3, '2020-10-04'),
(12, '00020', 2, '2018-01-17'),
(12, '00025', 4, '2020-09-08'),
(12, '00030', 4, '2018-11-15'),
(12, '00045', 4, '2018-11-03'),
(12, '00047', 2, '2017-11-15'),
(12, '00049', 3, '2020-12-07'),
(13, '00001', 5, '2019-03-15'),
(13, '00050', 5, '2019-02-02'),
(14, '00005', 5, '2018-10-08'),
(14, '00011', 1, '2020-11-11'),
(14, '00016', 1, '2018-09-13'),
(14, '00022', 2, '2020-11-02'),
(14, '00027', 2, '2019-08-20'),
(14, '00033', 3, '2020-10-17'),
(14, '00038', 3, '2019-07-04'),
(14, '00044', 4, '2020-11-22'),
(14, '00049', 4, '2019-06-12'),
(15, '00001', 1, '2020-01-01'),
(15, '00006', 1, '2018-11-08'),
(15, '00012', 2, '2020-11-11'),
(15, '00017', 2, '2018-10-13'),
(15, '00023', 3, '2017-11-02'),
(15, '00028', 3, '2019-09-20'),
(15, '00034', 4, '2020-01-22'),
(15, '00039', 4, '2019-08-04'),
(15, '00045', 5, '2020-12-22'),
(15, '00050', 5, '2019-07-12'),
(16, '00002', 2, '2020-02-02'),
(16, '00007', 2, '2018-12-08'),
(16, '00013', 3, '2020-01-02'),
(16, '00018', 3, '2018-11-13'),
(16, '00024', 4, '2020-01-17'),
(16, '00029', 4, '2019-10-20'),
(16, '00035', 5, '2020-02-22'),
(16, '00040', 5, '2019-09-04'),
(16, '00046', 1, '2020-01-08'),
(17, '00003', 3, '2022-03-03'),
(17, '00008', 3, '2018-01-13'),
(17, '00014', 4, '2020-03-02'),
(17, '00019', 4, '2018-12-13'),
(17, '00025', 5, '2015-02-17'),
(17, '00030', 5, '2019-11-20'),
(17, '00036', 1, '2020-03-22'),
(17, '00041', 1, '2019-10-04'),
(17, '00047', 2, '2020-02-08'),
(18, '00004', 4, '2020-04-04'),
(18, '00009', 4, '2018-02-13'),
(18, '00015', 5, '2011-04-02'),
(18, '00020', 5, '2018-01-20'),
(18, '00026', 1, '2020-03-17'),
(18, '00031', 1, '2019-12-20'),
(18, '00037', 2, '2020-04-22'),
(18, '00042', 2, '2019-11-04'),
(18, '00048', 3, '2020-03-08'),
(19, '00005', 5, '2020-05-05'),
(19, '00010', 5, '2018-03-13'),
(19, '00016', 1, '2020-05-02'),
(19, '00021', 1, '2018-02-20'),
(19, '00027', 2, '2020-04-17'),
(19, '00032', 2, '2019-01-04'),
(19, '00038', 3, '2020-05-22'),
(19, '00043', 3, '2019-12-04'),
(19, '00049', 4, '2020-04-08'),
(20, '00006', 1, '2020-06-06'),
(20, '00011', 1, '2018-04-13'),
(20, '00017', 2, '2020-06-02'),
(20, '00022', 2, '2018-03-20'),
(20, '00028', 3, '2020-05-17'),
(20, '00033', 3, '2019-02-04'),
(20, '00039', 4, '2020-06-22'),
(20, '00044', 4, '2019-01-12'),
(20, '00050', 5, '2020-05-08'),
(21, '00001', 1, '2018-06-08'),
(21, '00007', 2, '2020-07-07'),
(21, '00012', 2, '2018-05-13'),
(21, '00018', 3, '2020-07-02'),
(21, '00023', 3, '2018-04-20'),
(21, '00029', 4, '2020-06-17'),
(21, '00034', 4, '2019-03-04'),
(21, '00040', 5, '2020-07-22'),
(21, '00045', 5, '2019-02-12'),
(22, '00002', 2, '2018-07-08'),
(22, '00008', 3, '2020-08-08'),
(22, '00013', 3, '2018-06-13'),
(22, '00019', 4, '2020-08-02'),
(22, '00024', 4, '2018-05-20'),
(22, '00030', 5, '2020-07-17'),
(22, '00035', 5, '2019-04-04'),
(22, '00041', 1, '2020-08-22'),
(22, '00046', 1, '2019-03-12'),
(23, '00003', 3, '2018-08-08'),
(23, '00009', 4, '2020-09-09'),
(23, '00014', 4, '2018-07-13'),
(23, '00020', 5, '2016-09-02'),
(23, '00025', 5, '2018-06-20'),
(23, '00031', 1, '2020-08-17'),
(23, '00036', 1, '2019-05-04'),
(23, '00042', 2, '2020-09-22'),
(23, '00047', 2, '2019-04-12'),
(24, '00004', 4, '2018-09-08'),
(24, '00010', 5, '2020-10-10'),
(24, '00015', 5, '2018-08-13'),
(24, '00021', 1, '2020-10-02'),
(24, '00026', 1, '2019-07-20'),
(24, '00032', 2, '2020-09-17'),
(24, '00037', 2, '2019-06-04'),
(24, '00043', 3, '2020-10-22'),
(24, '00048', 3, '2019-05-12'),
(26, '00026', 1, '2021-02-14'),
(26, '00027', 4, '2021-02-14'),
(26, '00028', 2, '2021-02-14'),
(26, '00029', 4, '2021-02-14'),
(26, '00030', 4, '2021-02-14'),
(26, '00031', 4, '2021-02-14'),
(26, '00032', 5, '2021-02-14'),
(26, '00033', 2, '2021-02-14'),
(26, '00034', 4, '2021-02-14'),
(27, '00027', 2, '2020-02-19'),
(27, '00028', 5, '2020-02-19'),
(27, '00029', 3, '2020-02-19'),
(27, '00030', 5, '2020-02-19'),
(27, '00031', 5, '2020-02-19'),
(27, '00032', 5, '2020-02-19'),
(27, '00033', 4, '2020-02-19'),
(27, '00034', 1, '2020-02-19'),
(27, '00035', 3, '2022-02-19'),
(28, '00028', 3, '2018-02-12'),
(28, '00029', 1, '2018-02-12'),
(28, '00030', 4, '2018-02-12'),
(28, '00031', 1, '2018-02-12'),
(28, '00032', 1, '2018-02-12'),
(28, '00033', 1, '2018-02-12'),
(28, '00034', 3, '2018-02-12'),
(28, '00035', 5, '2018-02-12'),
(28, '00036', 2, '2018-02-12'),
(29, '00029', 4, '2019-02-14'),
(29, '00030', 2, '2019-02-14'),
(29, '00031', 5, '2019-02-14'),
(29, '00032', 2, '2019-02-14'),
(29, '00033', 2, '2019-02-14'),
(29, '00034', 2, '2019-02-14'),
(29, '00035', 2, '2019-02-14'),
(29, '00036', 4, '2019-02-14'),
(29, '00037', 1, '2019-02-14'),
(30, '00030', 5, '2021-03-13'),
(30, '00031', 3, '2021-03-13'),
(30, '00032', 1, '2021-03-13'),
(30, '00033', 3, '2021-03-13'),
(30, '00034', 3, '2021-03-13'),
(30, '00035', 3, '2021-03-13'),
(30, '00036', 1, '2021-03-13'),
(30, '00037', 3, '2021-03-13'),
(30, '00038', 5, '2021-03-13'),
(31, '00026', 4, '2020-04-20'),
(31, '00031', 1, '2020-04-20'),
(31, '00032', 4, '2020-04-20'),
(31, '00033', 2, '2020-04-20'),
(31, '00034', 4, '2020-04-20'),
(31, '00035', 4, '2020-04-20'),
(31, '00036', 4, '2020-04-20'),
(31, '00037', 5, '2020-04-20'),
(31, '00038', 2, '2020-04-20'),
(32, '00026', 1, '2020-05-14'),
(32, '00027', 3, '2021-05-14'),
(32, '00032', 2, '2020-05-14'),
(32, '00033', 5, '2020-05-14'),
(32, '00034', 3, '2020-05-14'),
(32, '00035', 5, '2020-05-14'),
(32, '00036', 5, '2020-05-14'),
(32, '00037', 5, '2020-05-14'),
(32, '00038', 4, '2020-05-14'),
(33, '00026', 3, '2018-06-28'),
(33, '00027', 5, '2018-06-28'),
(33, '00028', 2, '2018-06-28'),
(33, '00033', 3, '2018-06-28'),
(33, '00034', 1, '2018-06-28'),
(33, '00035', 4, '2018-06-28'),
(33, '00036', 1, '2018-06-28'),
(33, '00037', 1, '2018-06-28'),
(33, '00038', 1, '2018-06-28'),
(34, '00026', 2, '2019-02-11'),
(34, '00027', 2, '2019-02-11'),
(34, '00028', 4, '2019-02-11'),
(34, '00029', 1, '2022-02-11'),
(34, '00034', 4, '2019-02-11'),
(34, '00035', 2, '2019-02-11'),
(34, '00036', 5, '2019-02-11'),
(34, '00037', 2, '2019-02-11'),
(34, '00038', 2, '2019-02-11'),
(35, '00026', 3, '2019-02-04'),
(35, '00027', 3, '2019-02-04'),
(35, '00028', 1, '2019-02-04'),
(35, '00029', 3, '2019-02-04'),
(35, '00030', 5, '2019-02-04'),
(35, '00035', 5, '2019-02-04'),
(35, '00036', 3, '2019-02-04'),
(35, '00037', 1, '2019-02-04'),
(35, '00038', 3, '2019-02-04'),
(36, '00026', 4, '2019-01-14'),
(36, '00027', 4, '2019-01-14'),
(36, '00028', 4, '2019-01-14'),
(36, '00029', 5, '2019-01-14'),
(36, '00030', 2, '2019-01-14'),
(36, '00031', 4, '2019-01-14'),
(36, '00036', 1, '2019-01-14'),
(36, '00037', 4, '2019-01-14'),
(36, '00038', 2, '2019-01-14'),
(37, '00026', 3, '2019-04-14'),
(37, '00027', 5, '2019-04-14'),
(37, '00028', 5, '2019-04-14'),
(37, '00029', 5, '2019-04-14'),
(37, '00030', 4, '2019-04-14'),
(37, '00031', 1, '2019-04-14'),
(37, '00032', 3, '2022-04-14'),
(37, '00037', 2, '2019-04-14'),
(37, '00038', 5, '2019-04-14'),
(38, '00026', 1, '2019-04-16'),
(38, '00027', 4, '2019-04-16'),
(38, '00028', 1, '2019-04-16'),
(38, '00029', 1, '2019-04-16'),
(38, '00030', 1, '2019-04-16'),
(38, '00031', 3, '2019-04-16'),
(38, '00032', 5, '2019-04-16'),
(38, '00033', 2, '2019-04-16'),
(38, '00038', 3, '2019-04-16'),
(39, '00010', 5, '2022-02-13'),
(39, '00019', 3, '2019-02-20'),
(39, '00044', 1, '2022-03-13'),
(40, '00005', 3, '2021-01-25'),
(40, '00011', 3, '2021-10-10'),
(40, '00041', 2, '2019-03-10'),
(41, '00010', 3, '2021-04-17'),
(41, '00012', 5, '2019-02-07'),
(41, '00013', 2, '2019-02-20'),
(41, '00044', 2, '2019-04-14'),
(41, '00050', 1, '2019-04-14'),
(42, '00001', 1, '2021-04-17'),
(42, '00009', 3, '2019-12-02'),
(42, '00011', 2, '2019-03-19'),
(43, '00002', 4, '2021-12-12'),
(43, '00012', 5, '2019-03-04'),
(43, '00015', 3, '2021-12-12'),
(44, '00011', 5, '2021-12-12'),
(44, '00014', 4, '2019-04-14'),
(44, '00015', 3, '2021-01-25'),
(44, '00024', 1, '2021-04-17'),
(44, '00049', 5, '2019-01-04'),
(45, '00032', 3, '2019-04-13'),
(45, '00035', 3, '2019-03-10'),
(45, '00039', 4, '2019-12-02'),
(46, '00020', 3, '2021-10-10'),
(46, '00023', 5, '2021-01-25'),
(46, '00029', 1, '2020-03-02'),
(47, '00025', 1, '2022-03-10'),
(47, '00027', 2, '2019-02-07'),
(47, '00029', 3, '2020-03-13'),
(47, '00048', 2, '2022-02-12'),
(47, '00050', 4, '2019-02-15'),
(48, '00021', 1, '2019-01-04'),
(48, '00025', 2, '2019-04-14'),
(48, '00035', 2, '2019-12-02'),
(50, '00023', 5, '2022-03-10'),
(50, '00026', 3, '2019-12-02'),
(50, '00034', 2, '2019-03-04');

-- --------------------------------------------------------

--
-- Table structure for table `Supplier`
--

CREATE TABLE `Supplier` (
  `Sname` varchar(30) NOT NULL,
  `City` varchar(25) NOT NULL,
  `Zip` char(5) NOT NULL
) ENGINE=InnoDB DEFAULT CHARSET=utf8mb4;

--
-- Dumping data for table `Supplier`
--

INSERT INTO `Supplier` (`Sname`, `City`, `Zip`) VALUES
('Akustica', 'Pittsburgh', '15203'),
('Aleris International Inc.', 'Beachwood', '44122'),
('Bel-Art Products', 'Wayne', '7470'),
('C. C. Filson', 'Seattle', '98124'),
('Cambridge Engineered Solutions', 'New Orleans', '70116'),
('Grainger Industrial Supply', 'Salt Lake City', '84115'),
('Hadden Industries', 'Oklahoma City', '73160'),
('HB Products LLC', 'Castro Valley', '91546'),
('Kaman Industrial Technologies', 'Big Timber', '59011'),
('Large System Distributors', 'Denver', '80022'),
('Melmarc Products Inc.', 'Santa Ana', '92704'),
('Motion Enhanced Technology', 'Houston', '77010'),
('NK Apparel', 'El Paso', '79950'),
('Pegatron Products', 'Taylorville', '62568'),
('PolyOne', 'Pedricktown', '8067'),
('Prime Technologies', 'West Chester', '19382'),
('ProtoVision', 'Little Rock', '72201'),
('Seatec Astronomy', 'Seattle', '98124'),
('UCA Group Inc.', 'Richmond', '47374'),
('ViTech Scientific', 'Dover', '19901');

-- --------------------------------------------------------

--
-- Table structure for table `Wishes`
--

CREATE TABLE `Wishes` (
  `CustomerID` int(11) NOT NULL,
  `UPC` varchar(10) NOT NULL
) ENGINE=InnoDB DEFAULT CHARSET=utf8mb4;

--
-- Dumping data for table `Wishes`
--

INSERT INTO `Wishes` (`CustomerID`, `UPC`) VALUES
(1, '00041'),
(1, '00042'),
(1, '00043'),
(1, '00044'),
(1, '00045'),
(1, '00050'),
(2, '00036'),
(2, '00037'),
(2, '00038'),
(2, '00039'),
(2, '00040'),
(2, '00049'),
(3, '00031'),
(3, '00032'),
(3, '00033'),
(3, '00034'),
(3, '00035'),
(3, '00048'),
(4, '00026'),
(4, '00027'),
(4, '00028'),
(4, '00029'),
(4, '00030'),
(4, '00047'),
(5, '00021'),
(5, '00022'),
(5, '00023'),
(5, '00024'),
(5, '00025'),
(5, '00046'),
(6, '00016'),
(6, '00017'),
(6, '00018'),
(6, '00019'),
(6, '00020'),
(6, '00045'),
(7, '00011'),
(7, '00012'),
(7, '00013'),
(7, '00014'),
(7, '00015'),
(7, '00044'),
(8, '00006'),
(8, '00007'),
(8, '00008'),
(8, '00009'),
(8, '00010'),
(8, '00043'),
(9, '00001'),
(9, '00002'),
(9, '00003'),
(9, '00004'),
(9, '00005'),
(9, '00042'),
(10, '00001'),
(10, '00015'),
(10, '00041'),
(10, '00042'),
(10, '00044'),
(10, '00045'),
(11, '00008'),
(11, '00011'),
(11, '00022'),
(11, '00033'),
(11, '00040'),
(11, '00044'),
(12, '00006'),
(12, '00012'),
(12, '00017'),
(12, '00022'),
(12, '00032'),
(12, '00039'),
(13, '00001'),
(13, '00005'),
(13, '00008'),
(13, '00021'),
(13, '00038'),
(13, '00043'),
(14, '00005'),
(14, '00006'),
(14, '00007'),
(14, '00018'),
(14, '00037'),
(14, '00042'),
(15, '00001'),
(15, '00002'),
(15, '00003'),
(15, '00004'),
(15, '00015'),
(15, '00036'),
(16, '00010'),
(16, '00011'),
(16, '00012'),
(16, '00013'),
(16, '00014'),
(16, '00035'),
(17, '00001'),
(17, '00003'),
(17, '00011'),
(17, '00012'),
(17, '00017'),
(17, '00030'),
(18, '00006'),
(18, '00011'),
(18, '00013'),
(18, '00016'),
(18, '00019'),
(18, '00021'),
(18, '00031'),
(18, '00034'),
(18, '00050'),
(19, '00005'),
(19, '00013'),
(19, '00024'),
(19, '00048'),
(20, '00003'),
(20, '00023'),
(20, '00025'),
(20, '00028'),
(20, '00031'),
(21, '00012'),
(21, '00015'),
(22, '00009'),
(22, '00022 '),
(23, '00002'),
(23, '00003'),
(23, '00011'),
(23, '00013'),
(23, '00017'),
(23, '00021'),
(23, '00022'),
(23, '00025'),
(23, '00030'),
(23, '00031'),
(23, '00040'),
(23, '00042'),
(23, '00047'),
(24, '00001'),
(24, '00010'),
(24, '00035'),
(25, '00021'),
(25, '00031'),
(26, '00019'),
(26, '00025'),
(26, '00028'),
(26, '00032'),
(27, '00022'),
(27, '00026'),
(27, '00027'),
(27, '00028'),
(27, '00029'),
(28, '00010'),
(28, '00020'),
(28, '00050'),
(29, '00005'),
(29, '00008'),
(29, '00013'),
(29, '00016'),
(29, '00018'),
(29, '00047'),
(29, '00050'),
(30, '00002'),
(30, '00010'),
(30, '00021'),
(30, '00023'),
(30, '00025'),
(30, '00028'),
(30, '00030'),
(31, '00003'),
(31, '00009'),
(31, '00016'),
(31, '00030'),
(31, '00040'),
(32, '00011'),
(32, '00021'),
(32, '00022'),
(33, '00011'),
(33, '00013'),
(33, '00016'),
(33, '00019'),
(33, '00034'),
(33, '00035'),
(34, '00006'),
(34, '00007'),
(34, '00008'),
(34, '00009'),
(34, '00012'),
(34, '00014'),
(34, '00016'),
(34, '00017'),
(34, '00026'),
(34, '00028'),
(34, '00038'),
(34, '00040'),
(34, '00048'),
(35, '00003'),
(35, '00021'),
(35, '00027'),
(35, '00031'),
(35, '00032'),
(35, '00033'),
(35, '00034'),
(35, '00035'),
(35, '00038'),
(35, '00044'),
(35, '00050'),
(36, '00006'),
(36, '00011'),
(36, '00013'),
(36, '00015'),
(36, '00016'),
(36, '00021'),
(36, '00034'),
(36, '00045'),
(36, '00046'),
(37, '00005'),
(37, '00007'),
(37, '00015'),
(37, '00016'),
(37, '00027'),
(37, '00042'),
(37, '00048'),
(38, '00003'),
(38, '00016'),
(38, '00018'),
(38, '00021'),
(38, '00026'),
(38, '00031'),
(38, '00034'),
(38, '00037'),
(38, '00041'),
(38, '00043'),
(38, '00045'),
(38, '00049'),
(39, '00002'),
(39, '00004'),
(39, '00006'),
(39, '00008'),
(39, '00012'),
(39, '00013'),
(39, '00020'),
(39, '00027'),
(39, '00032'),
(39, '00036'),
(39, '00045'),
(39, '00046'),
(39, '00047'),
(40, '00004'),
(40, '00011'),
(40, '00014'),
(40, '00024'),
(40, '00025'),
(40, '00039'),
(40, '00044'),
(41, '00006'),
(41, '00007'),
(41, '00010'),
(41, '00018'),
(41, '00030'),
(41, '00032'),
(41, '00034'),
(41, '00040'),
(41, '00043'),
(42, '00011'),
(42, '00012'),
(42, '00016'),
(42, '00020'),
(42, '00024'),
(42, '00026'),
(42, '00036'),
(42, '00039'),
(43, '00011'),
(43, '00012'),
(43, '00019'),
(43, '00030'),
(43, '00047'),
(44, '00005'),
(44, '00008'),
(44, '00013'),
(44, '00014'),
(44, '00028'),
(44, '00029'),
(44, '00036'),
(44, '00040'),
(44, '00042'),
(44, '00043'),
(44, '00050'),
(45, '00008'),
(45, '00014'),
(45, '00019'),
(45, '00020'),
(45, '00023'),
(45, '00026'),
(45, '00038'),
(45, '00041'),
(45, '00048'),
(45, '00050'),
(46, '00001'),
(46, '00003'),
(46, '00007'),
(46, '00009'),
(46, '00015'),
(46, '00021'),
(46, '00030'),
(46, '00037'),
(46, '00038'),
(47, '00014'),
(47, '00016'),
(47, '00041'),
(47, '00043'),
(47, '00045'),
(48, '00005'),
(48, '00012'),
(48, '00014'),
(48, '00015'),
(48, '00027'),
(48, '00034'),
(48, '00049'),
(49, '00009'),
(49, '00011'),
(49, '00012'),
(49, '00014'),
(49, '00016'),
(49, '00022'),
(49, '00024'),
(49, '00030'),
(49, '00031'),
(49, '00040'),
(49, '00046'),
(50, '00001'),
(50, '00007'),
(50, '00010'),
(50, '00019'),
(61, '00001'),
(61, '00002');

--
-- Indexes for dumped tables
--

--
-- Indexes for table `Alert_product_order`
--
ALTER TABLE `Alert_product_order`
  ADD PRIMARY KEY (`OrderID`,`UPC`) USING BTREE,
  ADD KEY `UPC` (`UPC`);

--
-- Indexes for table `cart`
--
ALTER TABLE `cart`
  ADD PRIMARY KEY (`CustomerID`,`UPC`),
  ADD KEY `UPC` (`UPC`);

--
-- Indexes for table `Contains`
--
ALTER TABLE `Contains`
  ADD PRIMARY KEY (`OrderID`,`UPC`),
  ADD KEY `UPC` (`UPC`);

--
-- Indexes for table `Customer`
--
ALTER TABLE `Customer`
  ADD PRIMARY KEY (`CustomerID`);

--
-- Indexes for table `Orders`
--
ALTER TABLE `Orders`
  ADD PRIMARY KEY (`OrderID`),
  ADD KEY `CustomerID` (`CustomerID`);

--
-- Indexes for table `Products`
--
ALTER TABLE `Products`
  ADD PRIMARY KEY (`UPC`),
  ADD KEY `Sname` (`Sname`);

--
-- Indexes for table `Product_category`
--
ALTER TABLE `Product_category`
  ADD PRIMARY KEY (`UPC`,`Category`);

--
-- Indexes for table `Rated`
--
ALTER TABLE `Rated`
  ADD PRIMARY KEY (`CustomerID`,`UPC`),
  ADD KEY `UPC` (`UPC`);

--
-- Indexes for table `Supplier`
--
ALTER TABLE `Supplier`
  ADD PRIMARY KEY (`Sname`);

--
-- Indexes for table `Wishes`
--
ALTER TABLE `Wishes`
  ADD PRIMARY KEY (`CustomerID`,`UPC`),
  ADD KEY `UPC` (`UPC`);

--
-- AUTO_INCREMENT for dumped tables
--

--
-- AUTO_INCREMENT for table `Orders`
--
ALTER TABLE `Orders`
  MODIFY `OrderID` int(11) NOT NULL AUTO_INCREMENT, AUTO_INCREMENT=10058;

--
-- Constraints for dumped tables
--

--
-- Constraints for table `Alert_product_order`
--
ALTER TABLE `Alert_product_order`
  ADD CONSTRAINT `alert_product_order_ibfk_1` FOREIGN KEY (`OrderID`) REFERENCES `Orders` (`OrderID`),
  ADD CONSTRAINT `alert_product_order_ibfk_2` FOREIGN KEY (`UPC`) REFERENCES `Products` (`UPC`);

--
-- Constraints for table `cart`
--
ALTER TABLE `cart`
  ADD CONSTRAINT `cart_ibfk_1` FOREIGN KEY (`CustomerID`) REFERENCES `Customer` (`CustomerID`),
  ADD CONSTRAINT `cart_ibfk_2` FOREIGN KEY (`UPC`) REFERENCES `Products` (`UPC`);

--
-- Constraints for table `Contains`
--
ALTER TABLE `Contains`
  ADD CONSTRAINT `contains_ibfk_1` FOREIGN KEY (`OrderID`) REFERENCES `Orders` (`OrderID`),
  ADD CONSTRAINT `contains_ibfk_2` FOREIGN KEY (`UPC`) REFERENCES `Products` (`UPC`);

--
-- Constraints for table `Orders`
--
ALTER TABLE `Orders`
  ADD CONSTRAINT `orders_ibfk_1` FOREIGN KEY (`CustomerID`) REFERENCES `Customer` (`CustomerID`);

--
-- Constraints for table `Products`
--
ALTER TABLE `Products`
  ADD CONSTRAINT `products_ibfk_1` FOREIGN KEY (`Sname`) REFERENCES `Supplier` (`Sname`);

--
-- Constraints for table `Product_category`
--
ALTER TABLE `Product_category`
  ADD CONSTRAINT `product_category_ibfk_1` FOREIGN KEY (`UPC`) REFERENCES `Products` (`UPC`);

--
-- Constraints for table `Rated`
--
ALTER TABLE `Rated`
  ADD CONSTRAINT `rated_ibfk_1` FOREIGN KEY (`CustomerID`) REFERENCES `Customer` (`CustomerID`),
  ADD CONSTRAINT `rated_ibfk_2` FOREIGN KEY (`UPC`) REFERENCES `Products` (`UPC`);

--
-- Constraints for table `Wishes`
--
ALTER TABLE `Wishes`
  ADD CONSTRAINT `wishes_ibfk_1` FOREIGN KEY (`CustomerID`) REFERENCES `Customer` (`CustomerID`),
  ADD CONSTRAINT `wishes_ibfk_2` FOREIGN KEY (`UPC`) REFERENCES `Products` (`UPC`);
COMMIT;

/*!40101 SET CHARACTER_SET_CLIENT=@OLD_CHARACTER_SET_CLIENT */;
/*!40101 SET CHARACTER_SET_RESULTS=@OLD_CHARACTER_SET_RESULTS */;
/*!40101 SET COLLATION_CONNECTION=@OLD_COLLATION_CONNECTION */;
